"download.jpeg";;"146-119";"146-137";"148-154";"152-171";"159-187";"171-201";"185-212";"201-220";"216-222";"229-216";"239-204";"247-190";"253-175";"256-160";"258-145";"259-131";"258-117";"165-112";"173-104";"185-100";"197-101";"208-104";"223-104";"231-100";"241-99";"250-101";"254-108";"216-116";"217-128";"218-140";"220-152";"204-157";"211-159";"218-161";"224-159";"229-156";"178-118";"185-113";"192-113";"199-118";"192-119";"184-119";"226-118";"232-112";"240-112";"245-116";"240-118";"233-118";"190-172";"200-168";"210-167";"217-169";"223-167";"231-169";"236-172";"231-183";"224-190";"217-191";"209-190";"199-184";"193-173";"210-171";"217-172";"223-171";"233-172";"223-182";"217-184";"210-183"
"download1.jpeg";;"215-159";"215-171";"215-184";"216-197";"219-210";"225-223";"233-234";"243-243";"256-247";"270-246";"283-241";"295-232";"305-220";"311-206";"314-191";"316-176";"318-160";"220-154";"224-147";"232-146";"241-147";"250-150";"262-151";"273-148";"284-147";"295-150";"303-157";"256-157";"255-166";"255-174";"254-183";"246-188";"250-191";"256-193";"262-191";"268-189";"229-159";"234-156";"240-156";"246-159";"239-159";"234-159";"272-160";"278-158";"285-159";"291-162";"284-162";"278-161";"235-202";"242-200";"251-200";"258-201";"265-200";"274-201";"284-204";"275-213";"265-216";"257-217";"249-216";"242-212";"238-203";"250-202";"258-203";"265-202";"281-204";"265-211";"257-212";"250-211"
"download2.jpeg";;"99-113";"103-132";"108-151";"114-169";"124-185";"139-198";"157-207";"176-214";"195-214";"211-208";"221-195";"230-180";"237-163";"240-146";"241-129";"242-112";"240-95";"124-106";"133-98";"146-94";"160-92";"174-93";"193-89";"204-85";"215-82";"226-82";"235-88";"186-105";"189-117";"192-130";"195-142";"180-152";"187-152";"194-153";"199-151";"203-148";"142-112";"149-106";"158-104";"165-110";"159-112";"150-113";"200-103";"206-96";"214-94";"221-98";"216-102";"208-103";"167-174";"178-171";"187-168";"194-168";"199-166";"206-166";"213-167";"208-174";"202-178";"196-179";"189-180";"179-178";"171-174";"188-172";"195-172";"200-171";"211-168";"201-170";"195-172";"188-173"
"download3.jpeg";;"163-149";"163-168";"165-187";"168-207";"174-224";"185-241";"199-256";"216-269";"235-273";"253-270";"272-258";"289-243";"303-227";"312-209";"315-188";"318-169";"320-149";"172-129";"182-122";"194-120";"207-121";"219-126";"248-125";"262-120";"277-120";"292-123";"303-131";"233-147";"233-163";"232-179";"232-194";"220-202";"226-205";"232-207";"239-204";"246-202";"185-148";"194-143";"205-144";"213-152";"203-154";"193-154";"257-151";"266-145";"277-144";"286-149";"277-153";"267-153";"204-221";"215-219";"225-217";"234-219";"242-217";"253-219";"266-220";"254-231";"243-236";"233-237";"224-236";"214-232";"209-224";"225-225";"234-226";"243-224";"260-222";"242-224";"233-226";"225-225"
"download4.jpeg";;"176-220";"178-244";"180-268";"183-291";"192-314";"209-332";"230-348";"254-359";"278-362";"300-358";"318-344";"335-328";"349-311";"356-290";"358-267";"359-245";"358-223";"201-206";"215-198";"231-195";"247-197";"261-204";"297-203";"310-197";"324-194";"338-197";"347-207";"280-220";"282-235";"284-250";"286-265";"263-272";"273-276";"283-280";"292-276";"299-273";"223-220";"233-214";"245-215";"255-224";"244-224";"232-224";"298-224";"308-216";"320-215";"329-221";"320-224";"309-225";"228-293";"248-289";"267-290";"280-292";"292-290";"306-291";"320-295";"305-313";"291-319";"277-320";"263-318";"245-311";"232-295";"266-295";"279-297";"292-296";"315-297";"291-310";"278-312";"264-311"
"download5.jpeg";;"184-200";"187-216";"190-232";"193-247";"199-262";"210-274";"223-283";"238-290";"254-292";"270-288";"286-280";"300-271";"312-258";"317-243";"318-225";"318-208";"320-191";"192-189";"199-181";"209-177";"221-176";"232-178";"253-175";"265-172";"277-171";"289-173";"300-178";"243-191";"244-201";"244-211";"244-221";"234-231";"240-231";"246-232";"252-230";"258-228";"207-200";"214-199";"221-197";"228-198";"221-200";"214-201";"263-195";"270-193";"277-194";"285-194";"278-196";"270-197";"221-248";"230-243";"240-241";"247-241";"255-239";"267-240";"280-244";"269-256";"258-261";"250-263";"242-262";"232-258";"226-249";"240-245";"248-245";"255-244";"276-245";"257-254";"249-255";"241-255"
"download6.jpeg";;"197-139";"199-155";"201-170";"204-185";"209-198";"218-211";"231-221";"245-227";"259-229";"273-226";"285-218";"293-209";"299-197";"302-183";"304-168";"305-154";"304-141";"207-120";"214-114";"224-112";"234-114";"244-118";"270-118";"278-115";"286-114";"293-114";"299-119";"256-130";"256-139";"257-148";"257-157";"245-168";"251-170";"257-172";"262-170";"267-168";"218-134";"224-130";"232-129";"239-135";"232-137";"224-137";"271-135";"278-130";"285-130";"291-134";"285-137";"278-137";"234-192";"242-187";"251-184";"257-186";"262-184";"271-187";"280-192";"271-198";"263-200";"257-200";"251-200";"242-197";"238-192";"251-191";"257-191";"262-191";"276-192";"263-193";"257-193";"251-192"
"download7.jpeg";;"187-139";"187-159";"188-179";"191-200";"197-220";"207-237";"219-255";"232-269";"247-275";"263-272";"277-260";"290-246";"303-231";"312-214";"318-195";"321-176";"324-156";"200-133";"209-124";"223-122";"236-124";"248-130";"270-133";"283-130";"295-129";"308-133";"316-142";"257-144";"256-158";"255-172";"254-186";"238-186";"245-190";"253-194";"261-192";"269-189";"216-139";"224-137";"233-138";"239-144";"231-142";"223-141";"276-147";"284-142";"292-143";"299-147";"292-148";"283-147";"222-201";"231-197";"243-199";"252-201";"262-200";"274-201";"283-207";"274-225";"261-233";"251-234";"241-232";"229-221";"224-202";"242-201";"252-203";"262-203";"280-208";"262-227";"252-228";"242-225"
"example_01.jpg";;"172-162";"171-177";"170-192";"170-207";"172-222";"178-237";"186-250";"197-261";"211-266";"226-265";"240-257";"251-247";"260-235";"267-223";"272-209";"276-195";"279-181";"182-160";"190-155";"200-155";"210-158";"219-163";"236-167";"246-165";"256-166";"266-169";"271-177";"225-174";"224-186";"223-198";"221-210";"207-210";"213-214";"219-218";"226-216";"232-214";"192-169";"199-167";"205-168";"211-174";"204-174";"197-172";"239-179";"246-176";"253-177";"259-181";"252-182";"245-181";"190-217";"200-220";"210-222";"217-224";"225-224";"234-225";"243-225";"233-234";"223-238";"215-237";"207-235";"198-229";"194-220";"209-226";"217-228";"224-228";"239-226";"224-230";"216-230";"209-228"
"example_02.jpg";;"277-136";"275-153";"275-171";"276-188";"280-204";"285-221";"291-237";"300-251";"314-257";"331-256";"349-248";"367-238";"383-226";"393-211";"401-194";"405-176";"409-157";"284-128";"291-120";"301-116";"313-117";"323-124";"347-127";"358-124";"372-126";"384-132";"390-142";"331-141";"329-153";"326-165";"324-178";"310-182";"316-185";"323-189";"331-187";"339-186";"296-140";"302-138";"311-139";"317-143";"309-144";"301-143";"350-148";"358-145";"367-146";"375-151";"366-151";"357-150";"295-200";"303-197";"314-197";"322-199";"331-199";"342-201";"353-205";"340-220";"328-226";"319-226";"310-224";"301-216";"298-201";"313-202";"322-203";"330-204";"349-206";"329-217";"320-218";"312-216"
"example_03.jpg";;"370-226";"369-232";"369-239";"370-245";"371-252";"374-258";"378-263";"382-268";"389-271";"396-270";"403-267";"409-263";"414-258";"417-251";"419-245";"421-238";"422-230";"373-221";"376-219";"380-219";"383-221";"387-223";"398-224";"402-222";"407-222";"412-222";"416-225";"391-228";"391-234";"390-240";"389-245";"384-245";"386-247";"389-249";"393-248";"396-246";"377-227";"380-226";"383-226";"385-229";"382-229";"379-228";"400-230";"404-228";"407-228";"410-230";"407-231";"403-230";"378-248";"382-249";"386-250";"390-251";"394-251";"399-251";"406-250";"400-257";"393-260";"389-260";"386-259";"382-255";"379-249";"386-251";"390-252";"393-252";"404-251";"394-256";"390-257";"386-256"
"example_03.jpg";;"370-226";"369-232";"369-239";"370-245";"371-252";"374-258";"378-263";"382-268";"389-271";"396-270";"403-267";"409-263";"414-258";"417-251";"419-245";"421-238";"422-230";"373-221";"376-219";"380-219";"383-221";"387-223";"398-224";"402-222";"407-222";"412-222";"416-225";"391-228";"391-234";"390-240";"389-245";"384-245";"386-247";"389-249";"393-248";"396-246";"377-227";"380-226";"383-226";"385-229";"382-229";"379-228";"400-230";"404-228";"407-228";"410-230";"407-231";"403-230";"378-248";"382-249";"386-250";"390-251";"394-251";"399-251";"406-250";"400-257";"393-260";"389-260";"386-259";"382-255";"379-249";"386-251";"390-252";"393-252";"404-251";"394-256";"390-257";"386-256";"296-212";"294-220";"293-228";"292-236";"291-245";"293-253";"297-261";"301-267";"308-270";"315-271";"322-267";"328-263";"333-258";"338-253";"341-248";"344-242";"347-236";"307-216";"312-215";"317-217";"321-219";"325-223";"333-226";"337-226";"341-227";"345-229";"346-232";"327-228";"325-233";"324-239";"322-244";"314-243";"317-245";"319-248";"322-248";"325-247";"310-222";"314-222";"317-224";"319-226";"316-225";"313-224";"332-231";"335-231";"338-233";"340-235";"337-235";"335-233";"304-247";"309-249";"314-251";"316-253";"319-253";"322-255";"325-256";"320-259";"316-259";"313-258";"310-257";"307-253";"306-248";"313-252";"316-254";"319-254";"323-256";"317-256";"315-256";"312-254"
